Vessel,id,IMO.No
Strategic Alliance,SAL,9648075
Strategic Harmony,SHA,9689897
Strategic Vision,SVI,9610640
Strategic Tenacity,STE,9626302
Strategic Synergy,SYN,9648087
Strategic Venture,SVE,9648104
Strategic Entity,SEN,9723710
Strategic Equity,SEQ,9689902
Strategic Explorer,SPL,9723708
Strategic Unity,SUN,9648099
Strategic Fortitude,SFO,9753387
MTM Penang,MPE,9712591
MTM Tortola,MOR,9742065
MTM Santos,MSA,9712606
MTM Savannah,MSV,9726750
MTM Manila,PMA,9242326
MTM Mumbai,PMU,9242338
MTM Yangon,PYN,9250165
MTM St Jean,MSJ,9278674
MTM Gibraltar,MGB,9282924
MTM London,MTL,9296872
MTM Tokyo,MTO,9279111
MTM Hamburg,MTH,9379844
MTM Hong Kong,MHK,9228320
MTM Houston,MHS,9505924
MTM Shanghai,MSH,9345908
MTM North Sound,MNS,9360946
MTM Singapore,MSG,9477529
MTM Rotterdam,MTR,9477567
MTM New Orleans,MNO,9749398
MTM New York,MNY,9749386
Strategic Encounter,ECT,9475739
Strategic Endeavor,END,9475727
MTM Antwerp,MAW,9291456
MTM Fairfield,MTF,9264465
MTM Southport,MSO,9416032
Strategic Savannah,SSV,9686338
MTM Amsterdam,MAM,9776444
Strategic Spirit,SPI,9626388
MTM Kobe,MTK,9776456
MTM Big Apple,MBA,9774563
MTM New Port,MNP,9774575
MTM Vancouver,MVR,9867607
MTM Hudson,PHU,9278064
Pacific Star,PSL,9363481
MTM Dublin,MDU,9335824
MTM Colorado,PCO,9278052
MTM Potomac,PPO,9281920
MTM Key West,MKW,9790672
MTM Amazon,MAZ,9374533
MTM Westport,MWP,9317858
Belgrano,BEL,9708992
Nord Gemini,GEM,9746712
MTM Rio Grande,PRG,9314911
MTM Mississippi,PMI,9315056
Lila Rhine,LLR,9313462
Lila Sydney,LSN,9660035
Lila Lisbon,LLB,9252498
Lila Incheon,LIC,9571272
Clearocean Marauder,COM,9890446
Lila Confidence,LCD,9340427
Lila Alabama,BMB,9282998
Golden Ray,GDR,9640102
Indigo Ray,IDR,9716016
Silver Ray,SVR,9493133
Lilac Ray,LIR,9883481
Lavender Ray,LVR,9740794
Scarlet Ray,SLR,9799654
Sparrowhawk,SRH,9956903
