COLUMNS,VALUE
Vessel Type,Container
Length OA,260.049
Year Built,2005
Length B.P,244.8
TEU,4250
Breadth Extreme,
TEU 14T,
Breadth Moulded,32.25
Maximum Speed,
Depth Extreme,
Depth Moulded,19.3
Endurance,
Air Draft (Summer),
Draft Design,11
Draft Scantling,12.6
Keel to Mast (KIM),
Displacement Scantling,67088.3
Collapsible Mast?,
Summer DWT(Latest),50793.7
Keel To Mast Height After Tilting,
Summer DWT(Original),
Bridge to Bow,
Lightship,16481.2
Bridge to Stern,
Design Speed @ design draft,
Segment,
Design Speed @ scantling draft,
Trade,
Alphaliner Class,
EEDI,
OHSAS Compliance?,
EIV,
Bulbous Bow,
Complement,
Builder,Samsung Heavy Industries
City,
Country,
Hull No.,
Built Name,
Date of Keel Laying,
Date of Delivery,
Date of Steel Cutting,
Date of Delivery to ONESEA,
Date of Launching,
Current Class,Lloyd's Register
Since,
Class Notation,"100A1 ""CONTAINER SHIP"" SHIPRIGHT(SDA,FDA,CM)IWS LMC ,UMS,SCM"
Class ID,
Previous Class,
Class Notation,
Period,
Earlier Class,
Period,
Build Class,
Ice Class Category (Y/N),
Ice Class Category   ,
Recent Drydock Period,
Shipyard,
City,
Country,
Earlier Drydock Period,
Shipyard,
City,
Country,
Earlier Drydock Period,
Shipyard,
City,
Country,
Next Drydock Date,
Special Survey Due Date,
Last Special Survey Date,
Is Above Enhanced Special Survey?,
Earlier Special Survey Date,
Earlier Special Survey Date,
Annual Survey Due Date,
Last Annual Survey Date,
Earlier Annual Survey Date,
Earlier Annual Survey Date,
Earlier Annual Survey Date,
CAP Rating,
Continuous Machinery Rating,
Name Of Ship,ONE Altas
LR/IMO No.,9290115
Official No.,
Port of Registration/Home Port,Cyprus
Flag,Singapore
Registration Date,
Owner,Seaspan
Registered Owner Identification Number,
Vessel Manager,
Vessel Lane Operator,
Vessel MSC Code,
Fleet,
Class/Group,Lloyd's Register
Active,
ASSIGNED CLUB,
P&I Club Details,
Previous Names,CSCL New York
Date of Name Change,
Earlier Name,
Date of Name Change,
Earlier Name,
Date of Name Change,
Previous Port Of Registry,
Previous Flag,
Call Sign,
MMSI,
Ship's Email ID 1,
Attachment Possible 1,
Ship's Email ID 2,
Attachment Possible 2,
Phone No. on Bridge,
Master Cellphone No.,
Vessel FBB/Communication No.,
GVA TEL:,
INMARSAT V-SAT,
INMARSAT V-SAT,
INMARSAT V-SAT,
INMARSAT Mobile No. (IMN) SATCOM C1,
INMARSAT Mobile No. (IMN) SATCOM C2,
INMARSAT MOBILE NUMBER (IMN) SATCOM SSAS,
Brand & Type SATCOM C1,
International Radio License Date of Expiry,
Superintendent,
Tel/Extension,
Mobile No,
Email,
Technical Manager,
Tel/Extension,
Mobile No,
Email,
Gross Tonnage,39941
Net Tonnage,24458
Panama GRT,
Panama NRT,
Suez GRT,
Suez NRT,
Panama UMS Tonnage,
Type of Vessel for Freeboard Calculation,
Summer Draft,
Summer Freeboard,
Summer Displacement,
Summer DWT(Latest),50793.7
Summer DWT(Original),
Winter Draft,
Winter Freeboard,
Winter Displacement,
Winter DWT,
Tropical Draft,
Tropical Freeboard,
Lightship Draft,
Freshwater Draft,
Tropical Displacement,
Tropical DWT,
Ballast Draft,6.116
Ballast Displacement,27050.2
Ballast DWT,
FWA at Scantling Draft,
Minimum Emerging Propeller Aft Draft,
Area Cargo Holds Coated,
Area Ballast Tanks Coated,
"If Ballast Tank Coated, to What Extent?",
Condition of Ballast Tank Coating?,
Bottom Area,
Side Area AF,
Stern Area AF,
Rudder Area,46.095
Freeboard Area,
When was hull last painted?,
When is next hull painting planned?,
Is Hull silicon painted?,
Paint Maker,
Paint Type,
Paint Scheme (period),
Flat Bottom,
Side Bottom,
Top Side,
Main Deck,
Deckhouse Outside,
Ballast Tank,
Cargo Hold,
Engine Room (W&OH),
Engine Room Floor,
FW Tanks,
When was hull last cleaned?,
When is next hull cleaning planned?,
Gear Type (Electric/Hydraulic/Electro-Hydraulic...etc),
Hatch Cover/Pontoon No's,
No of Gears,
Hatch cover type,
Gear Maximum Load,
Hatch Cover Weight,
Gear Outreach Min.,
Gear Outreach Max.,
Lashing Equipment Provided,
Cargo Gear Certificate (5 Yearly Load Test) Expiry Date,
Type Of Twistlocks Used (Auto/Semi-Auto/Manual),
No. Of Provision Cranes,
Provision Crane Capacity,
Life Boat (Open/Closed/Partially Open/Free fall.etc),
Is the vessel fitted with side ramp,
Weight of side ramp,
Is the vessel fitted with stem ramp,
Reefer Plug,
Weight of stem ramp,
Is Rescue Boat Separate?,
Sludge Incinerator Installed?,
Sludge Incinerator Flow Rate,
Quantity of 20 feet Spreader Onboard,
Quantity of 40 feet Spreader Onboard,
Has Bulb been Replaced?,
Is bulb replacement Planned?,
Ballast Tanks,
Heating Tank,
Anti-Heeling,
FW Tank,
HFO,
RSFO,
LSFO,
DO,
Gas Oil,
ISMGO,
Lub Oil,
Lub Oil Main Engine Crank Case,
Lub Oil Aux Engine,
Lub Oil Cylinder,
ICPP Sludge Tank,
TOPP Bilge Tank,
Total No. Of LSFO Serv Tanks+Sett lank,
Total No. Of HSFO Serv Tanks-sett Tank,
Can bunker and bum ULSFO?,
Approx. Change over time from HSFO to ULSFO and Comments,
Remarks/ Modification possibility to bum ULSFO and reduce C/D time,
No.Of Ballast Pumps & Capacity,
Bunkering Point (Distance From Midship in Mtr),
Location of Bunkering Point,
Seperate LSFO Feed System,
Anti-Heeling System,
Anti-rolling System,
Stabilizer System,
Cold Ironing System Make,
Cold Ironing System Model,
Is cold ironing conversion planned?,
Ballast Water Treatment Plant,
Scubber Fitted (EGCS)?,
No. 1 Cargo Hold,
Container Capacity 1,
Reefer Capacity 1,
No. 2 Cargo Hold,
Container Capacity 2,
Reefer Capacity 2,
No. 3 Cargo Hold,
Container Capacity 3,
Reefer Capacity 3,
No. 4 Cargo Hold,
Container Capacity 4,
Reefer Capacity 4,
No. 5 Cargo Hold,
Container Capacity 5,
Reefer Capacity 5,
No. 6 Cargo Hold,
Container Capacity 6,
Reefer Capacity 6,
No. 7 Cargo Hold,
Container Capacity 7,
Reefer Capacity 7,
No. 8 Cargo Hold,
Container Capacity 8,
Reefer Capacity 8,
No. 9 Cargo Hold,
Container Capacity 9,
Reefer Capacity 9,
No. 10 Cargo Hold,
Container Capacity 10,
Reefer Capacity 10,
No. 11 Cargo Hold,
Container Capacity 11,
Reefer Capacity 11,
No. 12 Cargo Hold,
Container Capacity 12,
Reefer Capacity 12,
No. 13 Cargo Hold,
Container Capacity 13,
Reefer Capacity 13,
No. 14 Cargo Hold,
Container Capacity 14,
Reefer Capacity 14,
No. 15 Cargo Hold,
Container Capacity 15,
Reefer Capacity 15,
No. 16 Cargo Hold,
Container Capacity 16,
Reefer Capacity 16,
No. 17 Cargo Hold,
Container Capacity 17,
Reefer Capacity 17,
No. 18 Cargo Hold,
Container Capacity 18,
Reefer Capacity 18,
No. 19 Cargo Hold,
Container Capacity 19,
Reefer Capacity 19,
No. 20 Cargo Hold,
Container Capacity 20,
Reefer Capacity 20,
No. of hatches,
Type of hatches,
"Container Capacity in Holds
",
Container Capacity on Deck,
Max. Stack Weight in Holds,
Max. Stack Weight on Deck,
"Container Capacity in Holds
",
Container Capacity on Deck,
Max. Stack Weight in Holds,
Max. Stack Weight on Deck,
"Container Capacity in Holds
",
Container Capacity on Deck,
Max. Stack Weight in Holds,
Max. Stack Weight on Deck,
"Container Capacity in Holds
",
Container Capacity on Deck,
Max. Stack Weight in Holds,
Max. Stack Weight on Deck,
Max. Reefer vessel carrying capacity (Auxiliary Engine only),
Max. Reefer vessel carrying capacity (Auxiliary Engine only - On deck),
Max. Reefer Vessel Carrying Capacity (Including Shaft/Turbo Generator/WHRS) TOTAL,
Max. Reefer vessel carrying capacity (Auxiliary Engine only - In cargo holds),
Max. Reefer vessel carrying capacity (Power Pack only - On deck),
Max. Reefer vessel carrying capacity (Power pack supply only - In cargo holds),
Max. Reefer vessel carrying capacity (power pack and/or Auxiliary engine via C/O system - On deck),
Max. Reefer vessel carrying capacity (power pack and/or Auxiliary engine via C/O system - In Cargo Holds),
Max. Reefer Vessel Carrying Capacity (Auxiliary Engine only) with Thrusters in Operation,
Max. Reefer Vessel Carrying Capacity (Auxiliary Engine only) without Thrusters in Operation,
20? Reefer Capacity in Holds,
20? Reefer Capacity on Deck,
40? Reefer Capacity in Holds,
40? Reefer Capacity on Deck,
45? Reefer Capacity in Holds,
45? Reefer Capacity on Deck,
Reefer monitoring system type on board,
Sockets Type,
Number of Main Engines,1
Main Engine_1 Make,Hyundai Man B&W 
ME-1 Type,8K90MC-C
ME-1 Serial No,AA2072
ME-1 MCR Power,37046.37
ME-1 New MCR Power,
ME-1 MCR RPM,104
ME-1 New MCR RPM,
ME-1 NCR Power,
ME-1 New NCR Power,
ME-1 NCR RPM,
ME-1 New NCR RPM,
ME-1 Excluded MCR Range (%),
ME-1 Min. MCR Load (%),
ME-1 Main Engine Fuel Max Viscosity (500 cSt / 700 cSt),
ME-1 SFOC at NCR,
ME-1 SFOC at New NCR,
ME-1 SFOC at 75% MCR (ISO Corrected),
ME-1 - Fuel Used to determine SFOC,
ME-1 - Max RPM/Main Propeller shaft RPM (When reduction gear is installed between ME & Shaft),
"For MAN Engine-1, Sliding Valves Fitted?",
ME-1 - Electronically Controlled Cylinder Lub,
ME-1 - Is T/C cut-out system installed?,
ME-1 - If T/C cut-out can be reversed?,
ME-1 - Is this Engine Tier III compliant ?,
ME-2 - Is this Engine Tier III compliant ?,
ME-3 - Is this Engine Tier III compliant ?,
ME-4 - Is this Engine Tier III compliant ?,
No of Spare Aux. Blowers Onboard,
ME-1 - Actual NOx emission value,
ME-1 - Waste Heat Recovery System - WHRS Max. Electrical Capacity,
Total FO CONSUMPTION,
Total FO Consumption at New MCR,
Spare Aux. Blowers Onboard,
Pump Mark,
ME-1 TC Make,
ME-1 TC Type,
ME-1 TC No of Unit,
ME-1 TC2 Make,
ME-1 TC2 Type,
ME-1 TC2 No of Unit,
ME-1 TC3 Make,
ME-1 TC3 Type,
ME-1 TC3 No of Unit,
ME-2 TC Make,
ME-2 TC Type,
ME-2 TC No of Unit,
ME-3 TC Make,
ME-3 TC Type,
ME-3 TC No of Unit,
ME-4 TC Make,
ME-4 TC Type,
ME-4 TC No of Unit,
Propeller Retrofitted?,
2nd Propeller Retrofitted?,
Manufacturer Of Propeller,
"If no, is replacement Planned?",
Type Of Propeller (FPP/CPP),FPP
Propeller Material,Ni-Al-Br
Propeller No. of blades,6
Propeller Weight,
Propeller Diameter,7.8
Propeller Hydrodynamic Pitch (For slip Calculation),
If CPP then the pitch at 100% setting,
CPP maximum setting with One ME clutch-in (eco speed),
CPP maximum setting with two MEs clutch-in,
Propeller Boss Cap Fin Fitted,
Spare Propeller,
Location of Spare Propeller,
Number Of Blades On Spare Propeller,
Spare PBCF Available,
Spare PBCF Location,
Charter Party Consumption at Stated Speed (T/day) and Draft,
Charter Party Weather at above Consumption (Beaufort Scale),
"Retrofit, Manufacturer Of Propeller",
"Retrofit, Type Of Propeller (FPP/CPP)",
"Retrofit, Propeller Material",
"Retrofit, Propeller No. of blades",
"Retrofit, Propeller Weight",
"Retrofit, Propeller Diameter",
"Retrofit, Propeller Hydrodynamic Pitch (For slip Calculation)",
"Retrofit, If CPP then the pitch at 100% setting",
"Retrofit, CPP maximum setting with One ME clutch-in (eco speed)",
"Retrofit, CPP maximum setting with two MEs clutch-in",
"Retrofit, Propeller Boss Cap Fin Fitted",
"Retrofit, Propeller silicone painted?",
When was Propeller last cleaned?,
When is next Propeller cleaning planned?,
Draft for Attaining the below Figures,
90% Of Design MCR - Power,
90% Of Design MCR - Speed,
90% Of Design MCR - Consumption,
70% Of Design MCR - Power,
70% Of Design MCR - Speed,
70% Of DESIGN MCR - CONSUMPTION,
60% Of Design MCR - Power,
60% Of DESIGN MCR - SPEED,
60% Of Design MCR - Consumption,
50% Of Design MCR - Power,
50% Of Design MCR - Speed,
50% Of Design MCR - Consumption,
40% Of Design MCR - Power,
40% Of Design MCR - Speed,
40% Of Design MCR - Consumption,
30% Of Design MCR - Power,
30% Of Design MCR - Speed,
30% Of Design MCR - Consumption,
20% Of Design MCR - Power,
20% Of Design MCR - Speed,
20% Of Design MCR - Consumption,
10% Of Design MCR - Power,
10% Of Design MCR - Speed,
10% Of Design MCR - Consumption,
Calorific Value Of Fuel Bumt To Anive At The Below Consumption (Mj/Kg),
Is the vessel retrofitted with new Panama canal requirement?,
Is the vessel Draft increased?,
Is the vessel TEU increased?,
Is the vessel Elongation carried out?,
Is the vessel Deadweight increased?,
Is the vessel retrofitted with Scrubber?,
Is the vessel bow modified?,
"Is the vessel propeller retrofitted, 1st?",
"Is the vessel propeller retrofitted, 2nd?",
Is the main engine derated permanently / Cylinder bore size decreased?,
Is the Main Engine LNG retrofitted?,
Is the Auxiliary Engine LNG retrofitted?,
Is the Turbo charger cut off carried out in Main Engine?,
Is the vessel equipped with Dual Fuel Usage?,
WG/FW Heat exchanger-Design pressure,
WG/Steam Heat exchanger-Design pressure,
WG Expansion tank- Design pressure,
WG circulating pump - Capacity,
N2 Air compressor capacity,
N2 Generator Capacity,
N2 Buffer tank- Capacity,
Instrument air Dryer - Capacity,
Bunkering Point (Distance from midship in m),
Location of Bunkering point,
Horizontal Bi Lobe LNG tank- Design capacity,
Horizontal Bi Lobe LNG tank- Design Pressure,
Horizontal Bi Lobe LNG tank- Design Temperature,
LNG Supply pump- Design pressure,
LNG Supply pump- Design Capacity,
BOG compressor- Capacity,
LP Buffer tank-Design pressure,
MP Buffer tank - Design pressure,
BOG Mist Separator- Design pressure,
90% of Design MCR - Power,
90% of Design MCR - Speed,
90% of Design MCR - Consumption,
70% of Design MCR - Power,
70% of Design MCR - Speed,
70% of Design MCR - Consumption,
60% of Design MCR - Power,
60% of Design MCR - Speed,
60% of Design MCR - Consumption,
50% of Design MCR - Power,
50% of Design MCR - Speed,
50% of Design MCR - Consumption,
40% of Design MCR - Power,
40% of Design MCR - Speed,
40% of Design MCR - Consumption,
30% of Design MCR - Power,
30% of Design MCR - Speed,
30% of Design MCR - Consumption,
20% of Design MCR - Power,
20% of Design MCR - Speed,
20% of Design MCR - Consumption,
10% of Design MCR - Power,
10% of Design MCR - Speed,
10% of Design MCR - Consumption,
Total Number Of Auxiliary Engine,4
Total Auxiliary Engine Load,
Consumption in Port with No Reefers,
Consumption in Port with Max. Reefers,
Is Auxiliary Engine-1 present?,
AE1- Engine Maker,Man B&W
AE1- Engine Type,6L27/38
AE1- Serial No,
AE1- Engine Fuel Specs,
AE1- Engine Rated Speed,
AE1- Maximum Continuous Rate-Mechanical,
AE1- Max. Electrical Output power (kva),
AE1- Max. Electrical Output power (kW),1800
AE1- Power Factor,
AE1- SFOC at NCR(ISO Corrected),
AE1- SFOC at 50%Load (ISO Corrected),
AE1- Fuel Used to determine SFOC,
AE1- Calorific Value of Fuel Burnt to arrive at SFOC,
AE1- Applicable NOx emission limit,
AE1- Actual NOx emission value,
AE1_TC make,
AE1_TC type,
AE1_TC No of units,
Is Auxiliary Engine-2 present?,Yes
AE2- Engine Maker,Man B&W
AE2- Engine Type,6L27/38
AE2- Serial No,
AE2- Engine Fuel Specs,
AE2- Engine Rated Speed,
AE2- Maximum Continuous Rate- Mechanical,
AE2- Max. Electrical Output power (kva),
AE2- Max. Electrical Output power (kW),
AE2- Power Factor,
AE2- SFOC at NCR(ISO Corrected),
AE2- SFOC at 50%Load (ISO Corrected),
AE2- Fuel Used to determine SFOC,
AE2- Calorific Value of Fuel Burnt to arrive at SFOC,
AE2- Applicable NOx emission limit,
AE2- Actual NOx emission value,
AE2_TC make,
AE2_TC type,
AE2_TC No of units,
Is Auxiliary Engine-3 present?,Yes
AE3- Engine Maker,Man B&W
AE3- Engine Type,6L27/38
AE3- Serial No,
AE3- Engine Fuel Specs,
AE3- Engine Rated Speed,
AE3- Maximum Continuous Rate- Mechanical,
AE3- Max. Electrical Output power (kva),
AE3- Max. Electrical Output power (kW),
AE3- Power Factor,
AE3- SFOC at NCR(ISO Corrected),
AE3- SFOC at 50%Load (ISO Corrected),
AE3- Fuel Used to determine SFOC,
AE3- Calorific Value of Fuel Burnt to arrive at SFOC,
AE3- Applicable NOx emission limit,
AE3- Actual NOx emission value,
AE3_TC make,
AE3_TC type,
AE3_TC No of units,
Is Auxiliary Engine-4 present?,Yes
AE4- Engine Maker,Man B&W
AE4- Engine Type,6L27/38
AE4- Serial No,
AE4- Engine Fuel Specs,
AE4- Engine Rated Speed,
AE4- Maximum Continuous Rate- Mechanical,
AE4- Max. Electrical Output power (kva),
AE4- Max. Electrical Output power (kW),
AE4- Power Factor,
AE4- SFOC at NCR(ISO Corrected),
AE4- SFOC at 50%Load (ISO Corrected),
AE4- Fuel Used to determine SFOC,
AE4- Calorific Value of Fuel Burnt to arrive at SFOC,
AE4- Applicable NOx emission limit,
AE4- Actual NOx emission value,
AE4_TC make,
AE4_TC type,
AE4_TC No of units,
Emergency Generator Present?,
Emergency Engine Maker,
Emergency Generator Capacity,
Emergency Generator Type,
Emergency Generator - Serial No,
Emergency Generator - Fuel Spec,
Emergency Generator - Rated Speed,
Emergency Generator - Maximum Continuous Rate,
Emergency Generator - Actual NOx emission value,
Emergency Generator - Applicable NOx emission limit,
Total Number of Shaft Generator,
No. 1 Shaft Generator Present?,
No. 1 Shaft Generator Capacity,
No. 1 Shaft Engine Type,
No. 1 Shaft Engine Makers,
Remark,
No. 2 Shaft generator present?,
No. 2 Shaft generator Capacity,
No. 2 Shaft Engine Type,
No. 2 Shaft Engine Makers,
Remark,
Turbo Generator Present?,
TG Powered By (Steam/Exhaust),
Turbo Engine Maker,
Turbo Generator Capacity,
Turbo Engine Type,
TG- Engine Rated Speed,
TG- Maximum Continuous Rate,
Remark,
Ships Voltage and Frequency,
Max. Sea Load at Service Speed Without Reefers (kW),
Max. Sea Load at ECO SPEED without Reefers with Main Engine Aux. Blowers on,
Max. Electrical Load at Port or Anchorage without Reefers but with Bow / Stern Thrusters on,
Max. Sea Load with Max. Reefers,
Cold ironing fitted?,
Date of installation,
Number of Bow Thruster,
Is Bow Thruster 1 Present?,
Make,
Type,
Is Bow Thruster 1 Operational?,
Bow Thruster 1 Power,
Comments,
Is Bow Thruster 2 Present?,
Make,
Type,
Is Bow Thruster 2 Operational?,
Bow Thruster 2 Power,
Comments,
Number of Stern Thruster,
Is Stern Thruster Present?,
Make,
Type,
Is Stern Thruster Operational?,
Stern Thruster Power,
Comments,
Weight Of Anchor,
Diameter / Grade of Chain Cable,
Diameter of Towing Wire,
Scrubber installed?,
Is scrubber installation?,
scrubber installation planned date,
Planned scrubber maker?,
Planned scrubber type?,
Installed Scrubber Maker,
Installed Scrubber Serial Number,
U-type Installed?,
Horizontal Type Installed?,
Number of In line Towers?,
Tower nr1 Linked with,
Tower nr2 Linked with,
Tower nr3 Linked with,
Tower nr4 Linked with,
Number of scrubber units,
Type,
Auxiliary Engines Coverage,
Boiler Coverage,
Type of residual waste,
Type of chemical used,
Alkali Tank Capacity,
Sludge Tank Capacity,
Holding Tank Capacity,
Actual power Consumption (Open Loop),
Actual power Consumption (Closed Loop),
Estimated Power Consumption in kW (Open Loop),
Estimated Power Consumption in kW (Closed Loop),
Ratio M/E and EGCS in open loop (%),
Ratio M/E and EGCS in close loop (%),
Maximum Power Intake load Open Loop during sea going (from 3.5%S > 0.5%S Equivalent),
Maximum Power Intake load Open Loop during sea going (from 3.5%S > 0.1%S Equivalent),
Maximum Power Intake load Open Loop during Manoeuvring (from 3.5%S > 0.5%S Equivalent),
Maximum Power Intake load Open Loop during Manoeuvring (from 3.5%S > 0.1%S Equivalent),
Maximum Power Intake load Close Loop during sea going (from 3.5%S > 0.5%S Equivalent),
Maximum Power Intake load Close Loop during sea going (from 3.5%S > 0.1%S Equivalent),
Maximum Power Intake load Close Loop during Manoeuvring (from 3.5%S > 0.5%S Equivalent),
Maximum Power Intake load Close Loop during Manoeuvring (from 3.5%S > 0.1%S Equivalent),
Deplume device available(To reduce white smoke),
Short term IAPP certificate valid until,
Full term IAPP certificate valid until,
Number of boilers on Board,
Manufacturer,
Type / Model,
Capacity / Steam Production,
Normal Working Pressure,
Design Pressure,
Fuel,
Fuel consumption (HFO),
Burner Type / Model,
Heating Surface(Oil fired),
Flue Gas flow rate,
Flue gas temp (outlet),
Number of EGE on Board: (For ME),
Number of EGE on Board: (For AE),
M/E Manufacturer,
M/E Type/Model,
M/E Heating Surface,
M/E Normal working pressure,
M/E Design Pressure,
M/E Steam production,
M/E Exhaust Gas flow rate,
M/E Exhaust gas temp (inlet),
Cargo cranes available onboard?,
Number of cargo cranes onboard,
Crane 1 Make,
Crane 1 Type,
Crane 1 Maximum Load,
Crane 1 Gear Outreach Min,
Crane 1 Gear Outreach Max,
Crane 2 Make,
Crane 2 Type,
Crane 2 Maximum Load,
Crane 2 Gear Outreach Min,
Crane 2 Gear Outreach Max,
Crane 3 Make,
Crane 3 Type,
Crane 3 Maximum Load,
Crane 3 Gear Outreach Min,
Crane 3 Gear Outreach Max,
Crane 4 Make,
Crane 4 Type,
Crane 4 Maximum Load,
Crane 4 Gear Outreach Min,
Crane 4 Gear Outreach Max,
VSL Intakes & General Distribution,
General Arrangement Plan,
Max. Crew Capacity,
Fire and Safety Plan,
Capacity Passengers,
Cargo securing manual,
Capacity Cars,
Capacity plan / bay plan,
Capacity Trailers,
Loading Scale,
Capacity Lanematers,
Deadweight Scale,
Ramp Details,
Trim & Stability booklet,
Registry Certificate Expiry Date,
Letter plan,
Statutory & Classification Certificate (Hull & Machinery) 5 Yearly / Annual,
Onboard Planning & Stability Software name,
Safety Management Certificate Expiry Date,
Onboard Planning & Stability Software is Class Approved?,
Boiler FO Consumption per hour at Max. Rated Operations,
US VGP Compliance,
Is vessel Russian Stowage capable?,
Is Vessel is in MO 32 compliance?,
Is Russian stowage conversion planned?,
Remarks (MO 32),
Remarks,
Has BWTS been Installed?,
Ballast Water Management System fitted (BWMS) Type,
Is vessel retrofitted with New Panama Canal requirement?,
Is BWTS USCG Type Approved?,
Is vessel planned to retrofit with New Panama Canal requirement?,
Is BWTS installation planned?,
Vessel Draft increased?,
"If no, is USCG Exemption in place (until)",
Vessel TEU increased?,
Is vessel suitable for New Zealand trade?,
Main Engine Derated Permanently?,
Remarks (NZ Trade),
Vessel Elongation carried out?,
Is vessel suitable for Canada (Summer)?,
Vessel Deadweight Increased?,
Remarks (Canada summer),
Is vessel suitable for Canada (Winter)?,
Remarks (Canada winter),
Is vessel suitable for USA trade?,
Remarks (USA),
Deck,
Cargo Holds,
Reefer on Deck (powered by Ship's Power + C/O system),
Reefer on Deck (only powered by PPk),
Reefer in Cargo Holds (powered by Ship's Power + C/O system),
Reefer in Cargo Holds (only powered by PPk),
Reefer Sockets SPARE powered by Ship's Power,
Reefer Sockets current installed powered by Ship's Power + C/O Sys.,
Nr. of Reefer Sockets able to be powered with SAFE POWER,
Additional Reefer Sockets Planned for Installation_Deck,
Additional Reefer Sockets Planned for Installation_Cargo,
Auxiliary Engine LOAD for SAFE POWER reference only,
Planned for upgrade,
Estimated readiness,
Power Pack Nr. 1 Capacity (100%),
Power Pack Nr. 2 Capacity (100%),
Power Pack Nr. 3 Capacity (100%),
Power Pack Nr. 4 Capacity (100%),
Max. Power consumption Normal Sea going (Actual),
Max. Power consumption Normal Sea going (Theoretic Load Analysis),
Max. Power cons.for C/H Fans,
Max. Power cons.for CHIQUITA OZONE GENERATOR,
Max. Power cons.for Bow Thruster,
Max. Power cons.for M/E Blowers,
Max. Power cons.for 2nd STEERING PUMP,
